{"features":{"a":4.228402799509984,"b":0.8334753926620069,"c":41.98246610452029,"d":15.87161297933632,"e":17.117800385097,"f":-66.18057361484513,"g":9.93492525697333},"fitness":2.540001806253018}