{  
   "features":{  
      "a":4.214868240866765,
      "b":1.49043999375623,
      "c":47.11674917762042,
      "d":35.04774145345587,
      "e":-45.96301547386359,
      "f":-21.89704529276497,
      "g":79.80576235139338
   },
   "fitness":3.7360359541859625
}