{  
   "features":{  
      "a":2.9951329935666724,
      "b":0.42204042252560026,
      "c":55.89398508253862,
      "d":35.45479732299816,
      "e":-97.41801893714164,
      "f":-99.55510282944115,
      "g":-45.773894694613126
   },
   "fitness":1.2346293995728619
}