{"features":{"time_cost_dist_target":29.25255959591524,"time_cost_dist_dropoff":15.00587775829251,"time_cost_mining":11.828012643160662,"mine_avg_profit":17.71698925884597,"mine_halite_ship_profit":12.284413469537707,"mine_ally_ships_profit":-41.80713836787271,"mine_enemy_ships_profit":34.59981869559239},"fitness":0.7272339211488286}