{"features":{"friendliness_drop_preservation":-0.30181791662480595,"friendliness_dodge":-0.17641365528401626,"friendliness_can_attack":0.6169317768133424,"friendliness_should_attack":2.028993732017919,"friendliness_mine_cell":-0.959050655756549},"fitness":102.7721760394079}